id,label
gudj6np7lx4ov5a9y3wq,1
mi2z51y4jb7thxuf8ldr,1
ziuab84tvf07snxjhyodp,0
ulcdyxnbz6jqh9wmk4pa,1
gj8rfxzae4vibtohk62n1,0
h8kqe73wci60nzxgolmt,1
aqk2v9cxyzf534gp17ur,1
67crbeaq5diwjmtvpzxs0,0
val6phx5r27qfidz3480s,0
zpg7fva8em64wrxtioc5y,0
p183dkfqu4g7lwhjroa2z,0
6zub4xg3ij7daqf91lwyc,0
2glnftjbpehdy7xi953a,1
ex7p8cfjd96yq32ukiha,1
jkfnp8dxt1cgar0bwsy7v,0
3kp695hfniwozetu0aqrg,0
gdoaz102l67c8qif3jtru,0
lwrk9bfnxqdsz26cv74u,1
ki5j0nc4mt916pyq8xae,1
1t6w3k05q7j8clfmy9ug,1
85zflc2boiypd1e4gjkx,1
6fbgkadenil574two32h,1
dyg10k4t9chj8z65s2xai,0
v7n5hl83wjqtrgabmszd0,0
merz5uvxsi6khg2t7w3c1,0
5e842oanxf379huk0g6c,1
p4ezmaigny0q7623xdsck,0
quyphl4w5ev80nsm1ji3,1
z69homd2bfsiljpxcqe5,1
kb13hn6tycplg0serixqv,0
0mbsexwoja8u4n12v5ql,1
i589pr1ytwjuvs4gb6aeh,0
sf97c8u2nx4lt0emghdy,1
hav549bjs2md7gnul1f0,1
q7o5hc8zj9kfmltysauxv,0
41g2s8z3i7dkhfwtyoul0,0
3zebh15sl6djpx4ri7g0u,0
jfdpibx796r8sg3a0meu,1
erqy50kcxdol1hj37z2p,1
r7wu3tfyjblxea5izdmc,1
i8p2zynv6x9jhtf0qo31,1
orc5736zwnkxygl4spva,1
uwa81cpj4lktg26n30bhd,0
jx6rpt93yiobdum0h85k,1
64gqyv7n3ksmirj0lp9t1,0
7xbwc2u3o8fiyhgrzqsv1,0
xpc4d8ozhv6altisy20j,1
k1xcfnu6vwm3p8y5lior2,0
xoej05l8ybi69gws1q7k,1
mc9ipjek5wl16v3nbyzht,0
pbzchw4yx5sno76tagljv,0
ipqsw02ygnvt6lceb893,1
5iaso8rzd7pfexyvuk1jn,0
xk8t2un3s0opr19cgl6j,1
mtjpl9es81a5fq60xuhgi,0
a1mk98di42u7gtcw6xsb,1
5dqlz0onixs9phy2vwm1b,0
pcvug3t4y6rf9i1loez8,1
p6uj30stoe2m4rw7hklnc,0
6fu2bqt759is1yh38vo0,1
as184dmcx5pbkjvyr63l,1
s2yb1ncklj4vez7h0o9if,0
aiqtebv647zwhr8jxo2nc,0
mg64xzop9lcu5fsqenbji,0
ae37swlpt9o4i1hcmnjz,1
ifn9tvpz85hk6ylrd2x4,1
huk6vq0ezb4yi31a7tco,1
uxmpzws120lvtq38nhgda,0
e9bwha2fi83un5vpjqm7,1
5wt2u8abqh3lds4k9ivj,1
p0ve1ctismzj2bok8uy7x,0
9p0ft7drzu2giev8hj5ol,0
7xyjhfudqg81bz2lot36k,0
43kjhxb2d9qpmatrv51e,1
usq3dr0jf5elpg28hovw,1
va0tkxbfo6yhduq7g13m,1
r7lwo34b5esfg1x6jmha,1
mx0bfkrv73pe1utl98o5,1
h64mw5vy1rsd7zb3ktloe,0
vf1wir9dj8kc0puh7246q,0
9mf72d05rogbakpevnuy,1
rjky97nic5qs08mblv2gh,0
a0ibmgz97k6dc24ornqu,1
g0ady76kcvzqmonfuprs,1
a542mzvilbsopjxc0wd19,0
8veb3dpqyl9n0fxs6m214,0
oktl0q8ams43g7x6yzc5,1
71srdp82j6xick4ovl9z,1
e94dqf6wo3xmzthas0gyj,0
z1waenbfltdk4qh253pm,1
swb70co9qe3z6dhxfgjp,1
0p5dwnmxgabovt8u4hrf,1
pawvn13c6blij0xr4fmt,1
9f1246xmoebrjwg8z3au0,0
ium9jpyr47tas6wk53zqv,0
uh9kxpgze8w106mtnc27,1
wxt1zqhpyjfoui340vge8,0
qh68nxu2f7jwaygz9i5sm,0
tgwadv895fnexiu4rk3l,1
0y4whrmeixdalkz8s6bju,0
vyxf60zbo87nlgcu542tm,0
lwh2pk84idrb6oj1zx9n,1
uqz1nryvafelh7s0dkgoi,0
90b6ciwo78v5etprzq2h,1
l2ai5jk3x1ndvq9ec70h,1
b5dnr3fgj0keqlzywuov,1
4qktn8a5f0jcbev1irldx,0
3xpvqgtyd9ucwmk6bof4,1
k3c7sizr2qu8voy5n9fel,0
4q67nahyc3gm2xerd9su,1
b7tysvc5j46xqfh3n8le,1
yj6tck1siob8ruqlae9mv,0
l0g1wy8km2zav9uqt54fe,0
83nitwe2cp5f1bjr07zs,1
a3tqxrhku5ds4pg2fzi7j,0
96kux8gnc024dbl3emw5,1
pqug0ae43bl8txj9d1nw7,0
7rvnxekopwi81b3c6fsd,1
w1pkgjvey6om3s5zh2btf,0
0tjkrsnv1lfcub7hp5ex2,0
nye6qdsxliajo8u9c13fw,0
tlaxh2br0ofdpsemn8i14,0
j16odbp2yf90av74huwm3,0
4pg0yrcdhjvo73mtanxf,1
4nt1978i5lmdk36pz2yxh,0
bgwutx0phf3d9zqsrij2n,0
46khm1wtnip8zeb7doj0,1
ymb2dcs8hurol5jn4z79e,0
nexv1wq407sropj2kfcb,1
tg7zmjcape84o1n9xl2di,0
k1azgsv672tyiwmjcbun,1
niayku7teh3dx9p1w26cf,0
jvi952304oykbnzdfc8x,1
2jgkywshetpr43xdabn7,1
e1zqlc780knoasp269ui5,0
32bixqwuv5anmtgzl8cj,1
5vnh0ky62o9d4sm8xbgzt,0
4eh591vt6x2surm08l3o,1
jpqly8z20duht49k35g6,1
pyjvr51h8lea7364w0io,1
nkpyoaxbzi4ftv62cd98g,0
97fic3rxubmq0np82dzs,1
fznl3vs67m1i2praw5c9,1
7rni6fcob13metld9auv,1